{
  "llamadas": {
    "MAE": 34.049040618573976,
    "RMSE": 94.5161025210872
  },
  "tmo": {
    "MAE": 39.7673761211041,
    "RMSE": 61.46769681684456
  }
}